{"cameraMode":{"drawMode":0,"name":"Shaded","section":"Shading Mode"},"sceneLighting":true,"audioPlay":false,"sceneViewState":{"m_AlwaysRefresh":false,"showFog":true,"showSkybox":true,"showFlares":true,"showImageEffects":true,"showParticleSystems":true,"showVisualEffectGraphs":true,"m_FxEnabled":true},"in2DMode":false,"pivot":{"x":43.87538528442383,"y":-205.43875122070313,"z":-1291.9188232421875},"rotation":{"x":0.004327412694692612,"y":0.9940966367721558,"z":-0.0996386855840683,"w":0.043254271149635318},"size":562.0516357421875,"orthographic":false}