{"cameraMode":{"drawMode":0,"name":"Shaded","section":"Shading Mode"},"sceneLighting":true,"audioPlay":false,"sceneViewState":{"m_AlwaysRefresh":false,"showFog":true,"showSkybox":true,"showFlares":true,"showImageEffects":true,"showParticleSystems":true,"showVisualEffectGraphs":true,"m_FxEnabled":true},"in2DMode":false,"pivot":{"x":-51.487998962402347,"y":10.910139083862305,"z":-77.87688446044922},"rotation":{"x":0.008180147036910057,"y":-0.9804628491401672,"z":0.1921243667602539,"w":0.04178883880376816},"size":13.276081085205079,"orthographic":false}