{"cameraMode":{"drawMode":0,"name":"Shaded","section":"Shading Mode"},"sceneLighting":true,"audioPlay":false,"sceneViewState":{"m_AlwaysRefresh":false,"showFog":true,"showSkybox":true,"showFlares":true,"showImageEffects":true,"showParticleSystems":true,"showVisualEffectGraphs":true,"m_FxEnabled":true},"in2DMode":false,"pivot":{"x":-11.908251762390137,"y":2.7844784259796144,"z":-7.377084732055664},"rotation":{"x":-0.09837988018989563,"y":-0.8962209820747376,"z":0.24948331713676454,"w":-0.35338687896728518},"size":1.571427345275879,"orthographic":false}