{"cameraMode":{"drawMode":0,"name":"Shaded","section":"Shading Mode"},"sceneLighting":true,"audioPlay":false,"sceneViewState":{"m_AlwaysRefresh":false,"showFog":true,"showSkybox":true,"showFlares":true,"showImageEffects":true,"showParticleSystems":true,"showVisualEffectGraphs":true,"m_FxEnabled":true},"in2DMode":false,"pivot":{"x":-40.71311569213867,"y":2.6129257678985597,"z":-9.327230453491211},"rotation":{"x":-0.27274030447006228,"y":0.06544847786426544,"z":-0.018599802628159524,"w":-0.959683895111084},"size":11.870468139648438,"orthographic":false}