{"cameraMode":{"drawMode":0,"name":"Shaded","section":"Shading Mode"},"sceneLighting":true,"audioPlay":false,"sceneViewState":{"m_AlwaysRefresh":false,"showFog":true,"showSkybox":true,"showFlares":true,"showImageEffects":true,"showParticleSystems":true,"showVisualEffectGraphs":true,"m_FxEnabled":true},"in2DMode":false,"pivot":{"x":-44.613372802734378,"y":-23.142099380493165,"z":-78.14073181152344},"rotation":{"x":0.017682760953903199,"y":-0.8938044905662537,"z":0.4467388987541199,"w":0.03541543707251549},"size":36.77815628051758,"orthographic":false}