{"cameraMode":{"drawMode":0,"name":"Shaded","section":"Shading Mode"},"sceneLighting":true,"audioPlay":false,"sceneViewState":{"m_AlwaysRefresh":false,"showFog":true,"showSkybox":true,"showFlares":true,"showImageEffects":true,"showParticleSystems":true,"showVisualEffectGraphs":true,"m_FxEnabled":true},"in2DMode":false,"pivot":{"x":3.011655569076538,"y":4.860195636749268,"z":-6.873578071594238},"rotation":{"x":-0.003131318837404251,"y":-0.8900189995765686,"z":0.45590898394584658,"w":-0.006138127762824297},"size":6.460677146911621,"orthographic":false}