{"cameraMode":{"drawMode":0,"name":"Shaded","section":"Shading Mode"},"sceneLighting":false,"audioPlay":false,"sceneViewState":{"m_AlwaysRefresh":false,"showFog":true,"showSkybox":false,"showFlares":true,"showImageEffects":true,"showParticleSystems":true,"showVisualEffectGraphs":true,"m_FxEnabled":true},"in2DMode":false,"pivot":{"x":-0.004029631614685059,"y":0.27534419298171999,"z":0.009179174900054932},"rotation":{"x":0.14505723118782044,"y":0.8365122675895691,"z":-0.2656540870666504,"w":0.4567675292491913},"size":1.4098142385482789,"orthographic":false}