{"cameraMode":{"drawMode":0,"name":"Shaded","section":"Shading Mode"},"sceneLighting":false,"audioPlay":false,"sceneViewState":{"m_AlwaysRefresh":false,"showFog":true,"showSkybox":false,"showFlares":true,"showImageEffects":true,"showParticleSystems":true,"showVisualEffectGraphs":true,"m_FxEnabled":true},"in2DMode":false,"pivot":{"x":0.31148678064346316,"y":1.438658595085144,"z":0.4268876910209656},"rotation":{"x":0.2464221715927124,"y":-0.37566161155700686,"z":0.10432972013950348,"w":0.887285590171814},"size":0.4594600200653076,"orthographic":false}